X,Y,kind
0.6324877906705932,-1.4634896514522566,weed
3.600029090738599,-3.4775572587422783,weed
-2.7433799805921786,7.456589716506938,weed
0.4091494852610644,-3.3012004541692868,weed
2.8540112920716627,4.780798822033084,weed
3.979777512031114,7.871220460438719,weed
3.731481290935352,-10.01533820486264,weed
2.3839171042258034,6.646688829194543,weed
0.16832706936683817,-8.562158564823827,weed
2.7560740353901725,9.170574055930233,weed
1.667473674185449,2.6409700754625884,weed
4.062034251599619,7.466889045014936,weed
-2.6925614645612774,6.0386169509063965,weed
-0.7460113776779922,-4.755131455840618,weed
-1.020469229514677,6.276040559775199,weed
1.5730125580769423,-7.285703906331445,weed
2.765876847750838,-9.390139269529378,weed
-3.6809453472300917,-7.521603903286151,weed
3.3623549050856507,-8.318457508281897,weed
-1.6605531043061847,9.317418025119432,weed
2.798763622502566,-4.601941208241652,weed
-3.2556399896336865,-6.931318331312092,weed
-0.8990513167745693,-5.063790941377732,weed
-0.1419605164901867,0.3244055863268578,weed
1.5152693919439537,3.1920184989238063,weed
2.1791900928960493,-4.90140627767052,weed
-3.0480872628777713,0.039687951010408895,weed
-1.555978587709654,-5.989810766131563,weed
-1.427250231080761,-7.126734485662695,weed
0.4770628485320261,9.66674112870921,weed
0.25143448682303937,-7.942995389474388,weed
-0.5845852612207012,8.805269765177856,weed
1.261031658912236,-4.4492884174362475,weed
-3.3759936196730025,0.06304562393058788,weed
1.4794047415977483,-0.36552920312739623,weed
3.893618256033869,10.141385355906555,weed
3.80500276155815,-9.42982548155274,weed
4.033163664990771,-2.8898504358899615,weed
-0.07812461068904852,-3.94320482663119,weed
3.014680955118565,2.6538392859750104,weed
1.6349081062703332,-6.50558783082485,weed
-1.1688821380017962,6.567682851825596,weed
4.068888459685735,2.0291667775729803,weed
-0.00885348373695738,-5.4413156357463475,weed
-3.1202641911642406,-8.242863555232969,weed
-2.136413788171617,-4.04239799045742,weed
2.1988726611531737,-7.0759966452179714,weed
0.3144981110442764,-8.640248757320137,weed
-4.005918639776527,1.6373075659070224,weed
0.5514281097800531,7.749043365253572,weed
-3.630327934895616,5.599262041174288,weed
-1.4443871829156154,-5.642931084874335,weed
-2.626429229084485,7.615564629627086,weed
2.9824552340739467,-7.259150479684497,weed
-2.8072750717737094,-5.234176776963384,weed
0.5072558875978697,-0.6559918682083072,weed
-2.961820129116925,1.8547641183025991,weed
-1.8493134231208295,-0.7212230242763376,weed
3.1330157103548526,-8.694138527089612,weed
-3.5621815890488326,-4.969009765610295,weed
-3.1769249453927646,0.6677172861286422,weed
1.3468444639903758,-0.4877247278460892,weed
0.19739648777016505,-5.495594546024364,weed
0.7010143507653996,2.5207200870608766,weed
0.7791397624117753,4.518336944631107,weed
3.805536785687462,3.0969687892039772,weed
1.6462219480423332,5.898567810367554,weed
-3.066348734662358,-8.101425513145227,weed
-3.2991914891368275,-9.203098658205898,weed
-1.928795493275007,-9.079020562081105,weed
-3.4234264145837296,-8.211841832924058,weed
-2.4884543759226716,-8.976415160255744,weed
1.2244677474491832,-3.4719968284517817,weed
0.8106922980847608,-2.201122136150107,weed
-1.39496909919156,-2.5485632903575706,weed
-1.973583016846245,-7.515676548192031,weed
-2.508471276642714,-3.2723079824714443,weed
2.898280551886921,-5.744621150957228,weed
0.7545270524923984,4.170678028555239,weed
0.4235249759453499,-3.079979950453475,weed
-2.909383775190636,-6.376606244571507,weed
0.8166062157653515,7.222556038745479,weed
-2.373109853326252,4.386610100408632,weed
2.4921947415436314,-7.715894788479327,weed
1.6183261692642903,3.6166354693805083,weed
1.5518259430594608,-7.275126176557491,weed
-0.770219832297272,0.4560555867117948,weed
3.8967522266693804,-6.895260198519998,weed
-1.3770929071915936,2.718972684973199,weed
1.4541869289223017,8.683852034326543,weed
-3.1080415798795595,-8.527419436903559,weed
-3.117291708648965,2.7330651139411017,weed
1.829618981840059,2.339364413482345,weed
3.9918434867652755,2.2828665651014273,weed
2.0608629777866794,2.047341418032671,weed
0.8964361114869144,5.922731606490016,weed
-0.5451331866777611,4.47300512765705,weed
2.3272494238914563,8.199712664430473,weed
-0.42971936726685245,8.757461337492055,weed
1.2108389092399152,-2.9905927639952123,weed
-4.1267923386892456,-10.096185549428338,crop
-4.114167352514756,-9.926175899685477,crop
-4.10922645472724,-9.75333518043032,crop
-4.105606811416596,-9.56442345421967,crop
-4.104188878736107,-9.41053111246631,crop
-4.121950284403979,-9.233423058088855,crop
-4.1123875574526,-7.847620448308438,crop
-4.135282601215237,-7.654193866964398,crop
-4.1229878287171235,-7.515198415316192,crop
-4.108995297246358,-7.311963669079061,crop
-4.13447029469297,-7.160632778937383,crop
-4.127602105508605,-6.987163319520093,crop
-4.1074825933657015,-6.83810410290511,crop
-4.111826831950329,-6.686297546191209,crop
-4.123837167672973,-6.520089550663781,crop
-4.1080676374554645,-6.3806815146008695,crop
-4.131842921996781,-6.229408297617269,crop
-4.135768798647549,-6.094050803281059,crop
-4.133663480554514,-5.911840202190151,crop
-4.128110355988834,-5.786067346897639,crop
-4.103157262251923,-5.275733634655382,crop
-4.116811657531316,-5.161909565847141,crop
-4.119458282756941,-3.874107204829306,crop
-4.139043885748764,-3.6874598845096136,crop
-4.130180771260561,-3.58311429697018,crop
-4.1243275244331254,-3.4055903118210455,crop
-4.138902788966501,-3.251027160946604,crop
-4.102580429586713,-1.7507855035066608,crop
-4.12607943416224,-1.620881647890421,crop
-4.134345158040889,-1.4630967245402413,crop
-4.123614858702573,-1.2712798600826574,crop
-4.13592001396742,-1.1136862859216201,crop
-4.107498275263327,-0.9544441915311381,crop
-4.135650398358462,-0.8040256605435552,crop
-4.141052467981667,-0.6388852492120503,crop
-4.128794469829765,-0.5027095022794619,crop
-4.113801003259932,-0.37659108659207163,crop
-4.123051977614191,-0.22444792308308692,crop
-4.138317310197683,-0.10427929287784998,crop
-4.108190860452237,0.0445346028372331,crop
-4.140472888473913,0.24020625089389114,crop
-4.127642818744022,0.4060568269447611,crop
-4.12064856443163,0.5451504828356786,crop
-4.13757724408086,0.7208149594884183,crop
-4.117837102574922,0.8628744467999123,crop
-4.135271883433564,1.0589874874526988,crop
-4.120295374763563,1.2091374934854748,crop
-4.12588132777023,1.354752454539966,crop
-4.128705600310013,1.5044116368494702,crop
-4.123884548821849,1.649976796642619,crop
-4.130170227591228,1.796285130754164,crop
-4.114589771313846,1.9769439607283434,crop
-4.132631612238367,2.1355227845184306,crop
-4.106997840032661,2.324393632709965,crop
-4.11481675212083,2.4707540350158244,crop
-4.121151136763097,2.630904258530556,crop
-4.13040204484108,2.7895993731985165,crop
-4.137386985814564,2.9619911045165583,crop
-4.130257646257151,3.1538215077858904,crop
-4.109396753996045,3.3169218261858955,crop
-4.115655783167683,3.518659931954062,crop
-4.129322993452803,3.6228962555078628,crop
-4.1154299109426,3.7914847545037933,crop
-4.140855879621059,3.9557506811464496,crop
-4.107267961603007,4.112695607056102,crop
-4.112798449553203,4.273014938710093,crop
-4.128255646682407,4.440984900449534,crop
-4.122939109477489,4.633031842839996,crop
-4.110583907343724,4.766104715539562,crop
-4.140272231482548,4.966065846533061,crop
-4.128587742417285,5.137753095144886,crop
-4.125196926430072,5.298483866310777,crop
-4.137408394046518,5.451058843600958,crop
-4.112179162928767,5.647048325830426,crop
-4.1178402373483305,5.778742580105412,crop
-4.103199736548672,5.975764450063815,crop
-4.139007217768413,6.127431516579611,crop
-4.1295578143486145,6.308411773920282,crop
-4.11231508353871,6.455135665733396,crop
-4.115689998878705,6.617464167202796,crop
-4.1199892770439055,6.816836701205942,crop
-4.107457765452442,6.971660128036001,crop
-4.128392273966735,7.166796218528182,crop
-4.111855215903378,7.328689549179687,crop
-4.133501059062165,7.511074866536225,crop
-4.123305886415571,7.683464432991384,crop
-4.11457851704063,7.877576524749491,crop
-4.111099868475679,8.072811000717993,crop
-4.1153200773378416,8.217381766639638,crop
-4.127383019656663,8.393725423860781,crop
-4.11282774176602,9.9844989910362,crop
-3.367150494726281,-10.081102776912656,crop
-3.364261553500779,-9.901427218166457,crop
-3.3553099885362077,-9.764823121580976,crop
-3.36116963161003,-9.620678767681442,crop
-3.3717950029012487,-9.444420178847613,crop
-3.369160489011905,-9.250874465023106,crop
-3.383181148169339,-9.086341563137513,crop
-3.382912230913461,-8.915948584587786,crop
-3.3750806965485207,-8.796810468546074,crop
-3.3840731678984937,-8.635403608845403,crop
-3.3615420789499693,-8.463150506701522,crop
-3.3592360598360065,-6.805028421482945,crop
-3.379116067777979,-6.649182136408649,crop
-3.35516142526021,-6.474832696698467,crop
-3.372352668108362,-6.353780745986775,crop
-3.36502281540443,-6.19366876537371,crop
-3.3517057022766714,-6.052394675080397,crop
-3.377513303198035,-5.8784605234452805,crop
-3.3572531228782894,-5.719923838222651,crop
-3.3725136423332116,-5.52399215496503,crop
-3.381861750465995,-5.365272447930465,crop
-3.3526215569954356,-5.166012454008355,crop
-3.379696166471504,-4.9662071314265415,crop
-3.3747941214325037,-4.823558962434408,crop
-3.356693653434773,-4.693579626619768,crop
-3.3739256632353816,-3.8848977205951902,crop
-3.369603235061309,-3.7601130203309125,crop
-3.3624866606225545,-3.5910064602148006,crop
-3.3666898582964,-3.424509731353651,crop
-3.358781383939591,-3.2569302375532745,crop
-3.3792478173068075,-3.0997491824608243,crop
-3.3835140273821254,-2.9648608822441203,crop
-3.37767535555311,-2.794360562733462,crop
-3.3624193259342285,-2.6452544778090905,crop
-3.3651433818034464,-2.5167587957635265,crop
-3.384449698032912,-2.375153751122024,crop
-3.3595952340054116,-2.1616318100950522,crop
-3.382019072351765,-2.031075349437069,crop
-3.3752824253188747,-1.8497159871457942,crop
-3.384123975988173,-1.690456737651596,crop
-3.370938372228389,-1.5191451396639408,crop
-3.3826117892865897,-1.409746675978278,crop
-3.3731132156372494,-1.2564532922512068,crop
-3.3880199038040604,-1.1146042543328143,crop
-3.3875417358816486,-0.9284786956658628,crop
-3.3601523608399577,-0.7920322059056932,crop
-3.369265727582026,-0.6349047267436525,crop
-3.3524307934502406,-0.5167778898638726,crop
-3.377851778099872,-0.32413129903970095,crop
-3.362556569938336,-0.17333051142055744,crop
-3.3883057377769794,0.02517846129646451,crop
-3.366086165498845,0.16496207053593714,crop
-3.383529076028063,0.3266062928508173,crop
-3.363938511674555,0.4996147379469811,crop
-3.3839676929178597,0.6536967134776415,crop
-3.3788205803794646,0.7840148173766206,crop
-3.3713796359797703,0.9608832592801075,crop
-3.3855853549417816,1.1441850437314702,crop
-3.3751423147541146,1.2712969107615137,crop
-3.3529305292429417,1.4664303163608796,crop
-3.372375243222945,1.6165045988826616,crop
-3.357166203604544,1.731497070303659,crop
-3.3722145220885515,1.9231666553035325,crop
-3.3614309164631435,2.094015825064867,crop
-3.3756433078492702,2.2619422444097133,crop
-3.3888207299218225,2.417574729972536,crop
-3.376960465253478,2.573040133538516,crop
-3.384519223215224,2.7364532256903384,crop
-3.35837622492189,2.8925361702882597,crop
-3.363549762410691,3.0724846233202037,crop
-3.3767782928438503,3.2610296433338135,crop
-3.381648732573273,3.3978346571328064,crop
-3.3648949124432415,3.561509323433091,crop
-3.3556660609814917,3.7396407061045878,crop
-3.3849199176125593,3.902299648144716,crop
-3.369762953433233,4.081164759684757,crop
-3.355330921662217,4.529955773018212,crop
-3.3546908922344016,4.70716179574028,crop
-3.371380313121179,4.870955910547181,crop
-3.382837739183034,5.013124064045636,crop
-3.39081118067278,5.159899991760035,crop
-3.365319890442264,5.338734930832503,crop
-3.3809640151292575,5.5139410452362,crop
-3.3560098095747692,5.687867020197526,crop
-3.391311133167153,5.828299932315318,crop
-3.3622487728149695,6.0012150924839975,crop
-3.373787234861933,7.365042298782987,crop
-3.3723554661584334,7.504005568452365,crop
-3.3761589898231934,7.661887088158911,crop
-3.3786031273346557,7.823480136032307,crop
-3.3705632373045598,7.9879212433178015,crop
-3.3712919183601886,8.13836477075129,crop
-3.3826040025204773,8.26092917537599,crop
-3.3705902151365112,8.40840750884747,crop
-3.3797774019744193,8.558865031213069,crop
-3.3637070816682546,8.677115432544971,crop
-3.3560418684291076,8.833890500008307,crop
-3.3521291179308834,8.990489279533948,crop
-3.3789182607607233,9.146627810414996,crop
-3.3689736541752096,9.344025846297923,crop
-3.353480387015888,9.527772261750103,crop
-3.370721370227102,9.717987085806088,crop
-3.357279498818465,9.858431863705421,crop
-3.3753235777612756,10.00685910061006,crop
-2.634534702672707,-10.093578615202476,crop
-2.6066034606965394,-9.948862951252057,crop
-2.626726745909618,-9.7544454705176,crop
-2.6298543289954344,-9.146749787657383,crop
-2.6300908742026574,-8.986313581164863,crop
-2.639065665494,-8.836592320229249,crop
-2.615404609770412,-8.695137511462958,crop
-2.6147765886741317,-8.53295747823352,crop
-2.6053212993096366,-8.379825253892648,crop
-2.611406712878588,-8.211533615195764,crop
-2.6354563446915904,-8.050642564349307,crop
-2.604451141700133,-7.914048696162736,crop
-2.6111815221782986,-7.748352351885694,crop
-2.6342383649400114,-7.551764151643142,crop
-2.640327932409379,-7.391338299338022,crop
-2.6285943043970867,-7.2110505932141855,crop
-2.6110396629960873,-7.04962782883794,crop
-2.621425622794446,-6.929001335688191,crop
-2.6202740841867955,-6.773759023539789,crop
-2.6018863801590495,-6.62764703715464,crop
-2.6398760384391387,-6.44676664654044,crop
-2.6312985825443924,-6.254438808902396,crop
-2.632437968743202,-6.111200728179618,crop
-2.6239806391080704,-5.949983780971084,crop
-2.6302094588149463,-5.824876987968695,crop
-2.6148699582161603,-5.6677311178635925,crop
-2.631826154042564,-5.512330696402637,crop
-2.6079045161300063,-5.340970393807723,crop
-2.604138731462429,-3.8523619286613364,crop
-2.6204364886052276,-3.662524233824528,crop
-2.6263536121760085,-3.544018028940836,crop
-2.611189743590621,-3.4155221567915426,crop
-2.621577114867962,-3.21785638517112,crop
-2.6347965749273285,-3.0682528547862846,crop
-2.629884865591574,-2.9237859968773856,crop
-2.611443455041563,-2.7476127705680415,crop
-2.610849393532943,-2.604146488826835,crop
-2.60405267379861,-2.411930042258196,crop
-2.6224888202964953,-2.2486597739658816,crop
-2.617355527433981,-2.084497644668728,crop
-2.609733260844962,-1.9075066629858117,crop
-2.640709249953167,-1.7317982303941992,crop
-2.620136420039259,-1.5827198786932115,crop
-2.6236241006299084,-1.441258874825193,crop
-2.614299755970945,-1.2791379254264559,crop
-2.6347702917818943,-1.1147239922062226,crop
-2.610660047355956,-0.9724219683671578,crop
-2.620092974485865,-0.8125437379423612,crop
-2.6204031030590826,-0.6791572175770728,crop
-2.63517543740616,-0.5420434937232734,crop
-2.6389743867311726,0.7420463461336286,crop
-2.610529675871506,0.8835369867789229,crop
-2.621384884117669,1.0319871814520205,crop
-2.620404619437596,1.2091331864657313,crop
-2.6128562994777833,1.3677773931893444,crop
-2.6247116803561608,1.506354594325444,crop
-2.614881614921476,2.3786298839025584,crop
-2.6104542558717294,2.663044445379583,crop
-2.6019718158428837,2.8200601895759583,crop
-2.6290862980793985,2.9527276801959204,crop
-2.621606709341653,3.1370030209968895,crop
-2.6145486103672466,3.2840885975364387,crop
-2.61483227108683,3.482239090906056,crop
-2.6084363790620673,3.610588522409243,crop
-2.6088998718132643,3.7716142444216842,crop
-2.635274658575131,3.9277864072041897,crop
-2.6024764272213305,4.0769394789566835,crop
-2.616708978517645,4.18741371214697,crop
-2.6132540858541398,4.377223313366883,crop
-2.617150093600162,4.564145490154875,crop
-2.6362323816699282,4.712121759098787,crop
-2.6172816866259834,4.856484464420385,crop
-2.616060160542026,5.02239495552886,crop
-2.6295962364125565,5.195192804129748,crop
-2.627001214022033,5.325299740358133,crop
-2.6020343604908884,5.596291073385956,crop
-2.6260502734886413,6.125198502798147,crop
-2.6398972954272506,6.259714147487417,crop
-2.610720337536385,6.403864900257085,crop
-2.60794520216176,6.5773064533540495,crop
-2.6234424219482295,6.7263158071854345,crop
-2.6330201342328294,6.8805900777865485,crop
-2.6348098379167046,7.019189453124509,crop
-2.610783538066796,7.195956726040636,crop
-2.61696692769468,7.352174534632967,crop
-2.634908837785062,8.42431924658594,crop
-2.6283802155867955,8.89754247210717,crop
-2.6033395253537908,9.008402374311517,crop
-2.6050823142081314,9.19898640890923,crop
-2.6268956437318733,9.383678170539591,crop
-2.6148764762736976,9.512061811137139,crop
-2.610983500669731,9.698833222240784,crop
-2.6112869343726617,9.845806346487374,crop
-2.6137965560802465,10.014739038181824,crop
-1.879766632032832,-10.055904337165908,crop
-1.8709849605344102,-9.888589906422512,crop
-1.8588320943176138,-9.782567191966633,crop
-1.8681748621324532,-9.590405529061641,crop
-1.8739840462422608,-9.428068955517055,crop
-1.8728210944216515,-9.291995944152816,crop
-1.879269689745679,-9.154242988233113,crop
-1.8896526518469101,-8.99541077820872,crop
-1.8811858929860437,-8.851645216788127,crop
-1.8594133194711784,-8.670090467219822,crop
-1.8826708389943745,-8.518063695834002,crop
-1.8562380640595273,-8.392763425684487,crop
-1.8576150192825933,-8.216654381623478,crop
-1.8613773133349905,-8.109871382101186,crop
-1.8741050687873813,-7.956689894271788,crop
-1.8726759911495527,-7.76685765719979,crop
-1.8608461799410212,-7.602450896343749,crop
-1.879849830058312,-7.435589067339436,crop
-1.8656523302025314,-7.2519786447371395,crop
-1.8844366191888349,-7.091066975231375,crop
-1.8810302967652168,-6.936796189434917,crop
-1.881411606385516,-6.804672053239489,crop
-1.8738144554252734,-6.634784829214716,crop
-1.8748484281984261,-6.497169441637636,crop
-1.8673821196777474,-6.315541874758344,crop
-1.853065039856768,-6.121132824192996,crop
-1.878197942664988,-5.9851179053489325,crop
-1.8602963287448366,-5.80027303820875,crop
-1.8771330044009202,-5.65147714899708,crop
-1.8555711064502929,-5.480421460678154,crop
-1.8731536996914362,-5.3593591052801965,crop
-1.884543115111109,-4.868899250918896,crop
-1.8678152035370084,-4.70902431398601,crop
-1.8563343307466833,-4.5568925286444255,crop
-1.8748294450055738,-4.363352083403861,crop
-1.8840827066238495,-4.027534954669807,crop
-1.8698451065991355,-3.8610791359687555,crop
-1.8717843807775432,-3.7099143987213603,crop
-1.8527037371008808,-3.5548871448495145,crop
-1.8687914256006262,-3.4222329323918306,crop
-1.8669695087841447,-3.2287094667611598,crop
-1.8706847830381497,-3.074381741874011,crop
-1.8720131106476439,-2.928190579169553,crop
-1.8878969815319722,-2.7339637833204007,crop
-1.8656885513216115,-2.547502505324643,crop
-1.875027728996375,-2.4193223632151115,crop
-1.8732300432883986,-1.7516874949525256,crop
-1.8714621747519065,-1.5979757426761019,crop
-1.8737678510860998,-1.4433034168546115,crop
-1.860143136862705,-1.2739785621261888,crop
-1.8762927140620134,-1.1368572927590108,crop
-1.866823056734122,-0.9331852154698197,crop
-1.8659347881106645,-0.8074214376305093,crop
-1.86349096807036,-0.620268170324362,crop
-1.8673052310819336,-0.4941143419994951,crop
-1.88592597332261,-0.3557865955102404,crop
-1.8548957536370807,-0.2046646187931671,crop
-1.884412484385702,-0.013866357500102563,crop
-1.8864643925230196,0.13092044053961338,crop
-1.875017299576307,0.6177155435958817,crop
-1.8851195730756292,0.7854347114285076,crop
-1.8785447553862,0.9813436261061845,crop
-1.853147585215662,1.7885065684822425,crop
-1.8895845062500989,1.959258985560167,crop
-1.8770024691120604,2.109160069188901,crop
-1.8559230120413126,2.2251577049798748,crop
-1.871939908456063,2.3827533682988165,crop
-1.8733532447724786,2.5568309508160905,crop
-1.8648416537229235,2.6981858088590425,crop
-1.8579671924162198,2.8487527963483874,crop
-1.8567502928831874,2.968287360321618,crop
-1.8797791477647317,3.2923742874825415,crop
-1.8691784169468475,3.4279264086377914,crop
-1.8661377697450825,4.557385272530064,crop
-1.8636650390152312,4.704059268961762,crop
-1.8752523326854864,4.905839817006081,crop
-1.8683607868719019,5.049679723631472,crop
-1.8567204664675865,5.2100895748206515,crop
-1.8828840483337,5.355210353057638,crop
-1.8525627874402675,5.526701635693927,crop
-1.8561752511090943,5.7094547302287495,crop
-1.8535138222510645,5.833343750178178,crop
-1.8695009368594864,5.988732124193094,crop
-1.8695014799167593,6.149495563168502,crop
-1.8603496737656182,6.274300831699852,crop
-1.8723624289197605,6.4147316066225475,crop
-1.889014230494289,6.6262478634240995,crop
-1.853693255085254,6.772442727054669,crop
-1.8674456646508082,6.927840914395043,crop
-1.8810208741127594,7.108402869923969,crop
-1.8784955044411986,7.418991596318525,crop
-1.8825579607665688,7.564890847910208,crop
-1.8661526685756202,7.739560290960673,crop
-1.8615739926747739,7.8751013930193015,crop
-1.8901581833086225,8.009136502777979,crop
-1.8760413321938314,8.19544160320933,crop
-1.8778338862274873,8.364995783762724,crop
-1.8556169569675833,8.518588610871179,crop
-1.870099736303481,8.696846846476474,crop
-1.8693453305669707,8.845786319705029,crop
-1.8823756306866732,9.006765756420672,crop
-1.859442632428725,9.203161706479774,crop
-1.8847250623934206,9.37785691987902,crop
-1.8539142287272767,9.500267553598876,crop
-1.8777408948774394,9.679119045366297,crop
-1.8759798188842454,9.829045112620848,crop
-1.8861389614266995,9.996509193334061,crop
-1.12888133128427,-10.120394112765709,crop
-1.133419611183995,-9.955997871232434,crop
-1.1053871046988077,-9.808594175946546,crop
-1.1061585113196046,-9.659599694675448,crop
-1.1379384547565379,-9.481003069378675,crop
-1.1321111556985866,-9.294044447434848,crop
-1.1216386835445258,-9.10758674323213,crop
-1.104944464298499,-8.97351521033276,crop
-1.1301400473627345,-8.818544754146393,crop
-1.1372422175649883,-8.655969402196936,crop
-1.106287768248154,-8.467208786185207,crop
-1.1326040806347293,-8.271500977172321,crop
-1.1056518186785245,-8.136608752682069,crop
-1.1323861878008823,-7.971357809686182,crop
-1.1147924861011291,-7.759423804097466,crop
-1.104274404644619,-7.590233864346408,crop
-1.101468832366555,-7.431831863841161,crop
-1.1143071036279073,-7.284492497229801,crop
-1.1014993178575732,-7.108447114137695,crop
-1.1117459726522858,-6.9866148638301,crop
-1.1393632238455638,-6.843642887127793,crop
-1.1264249432287148,-6.652005004530455,crop
-1.101873837045329,-6.519875212769314,crop
-1.1311426793275041,-6.371775433661581,crop
-1.1109126603266324,-6.225684567476178,crop
-1.131507918710641,-6.062781778606022,crop
-1.1329434487441588,-5.588359048000217,crop
-1.1260070298323375,-5.421601288869122,crop
-1.1119047364185692,-5.232670892337711,crop
-1.1163036789296958,-5.0666297761004975,crop
-1.141039425194812,-4.877285363939608,crop
-1.1358175742237222,-4.700368312304737,crop
-1.1087602609774874,-4.222287465331386,crop
-1.1200397914564668,-4.073606205445859,crop
-1.1335357747220267,-3.9511818048942438,crop
-1.1313808425541132,-3.7515799219101,crop
-1.128556927818205,-3.561164900575335,crop
-1.1373398077030843,-3.4134209941116476,crop
-1.1200269581411262,-3.230940234655736,crop
-1.1313796818537782,-3.045800881630419,crop
-1.1120725540677991,-2.910726746999697,crop
-1.1082648504567199,-2.7816395243601004,crop
-1.121859565360337,-2.629857223212545,crop
-1.1103384323215928,-2.455529506336805,crop
-1.1077561534383245,-2.292863710228537,crop
-1.1130669540839588,-2.1151334637916417,crop
-1.132871218625621,-1.9456428835723347,crop
-1.1229010034403375,-1.7976265322614413,crop
-1.1410453630262927,-1.6566719591211463,crop
-1.1413120374410863,-1.4985226152073547,crop
-1.1102310296951345,-1.3294901913115869,crop
-1.1077215255740374,-1.149061317294123,crop
-1.1245502355454429,-0.9973190382845605,crop
-1.1186966362177628,-0.8096008976434348,crop
-1.1319225733397462,-0.6239854785745056,crop
-1.1139496671183822,-0.47557451907009884,crop
-1.1408748880293378,-0.3460456723304173,crop
-1.13781072199381,-0.15545045865483154,crop
-1.1084270888526895,0.004537704139458758,crop
-1.1166361667259195,0.16680117574281006,crop
-1.104319271115616,0.30487154381830983,crop
-1.1081364294539786,0.5018084921661519,crop
-1.1048520778810125,0.6975967547955264,crop
-1.1264240578405444,0.8348048793599272,crop
-1.12662824976596,0.978827377853726,crop
-1.1246949836655626,1.1581884586061122,crop
-1.1297128318200227,1.3167154300002348,crop
-1.1033305822340567,1.50751956504838,crop
-1.1201838385869842,1.6648319843864954,crop
-1.1266825658529145,1.8209139568079316,crop
-1.1116342388226386,1.9815348828880737,crop
-1.1296383407535235,2.1806838942417137,crop
-1.11428659208624,2.3051873438770514,crop
-1.1203314212933977,2.4709382428257864,crop
-1.1278290040629302,2.608436282285293,crop
-1.1132719778208249,2.7821522032536983,crop
-1.1218244141116158,2.962872273070081,crop
-1.1045624190298708,3.124123157422776,crop
-1.126825526902909,3.276359315947076,crop
-1.1026890157081932,3.406454829283547,crop
-1.1207752151772437,3.5928603298016224,crop
-1.1409521272223002,3.7471054798058123,crop
-1.12123886546807,3.940441412361679,crop
-1.1311582860880853,4.082744854086451,crop
-1.1159448703376276,4.274528719467128,crop
-1.120407197013321,4.427005196766608,crop
-1.135197525943834,4.633579745014783,crop
-1.1327071054963658,4.7964337183243675,crop
-1.1174276893112056,4.96688651469448,crop
-1.1263677432614907,5.087263978726298,crop
-1.1210115350753869,5.240757024542818,crop
-1.122018700359384,5.898513339794869,crop
-1.1405353732303376,6.041788579141281,crop
-1.1406106762480146,6.199436691751691,crop
-1.102888336157993,6.347020259000766,crop
-1.1047997004295946,6.500878741482653,crop
-1.1061094464201182,6.66218900807422,crop
-1.1199865860885998,6.8545115789480615,crop
-1.1358274236423482,7.021635720966353,crop
-1.1255332689748618,7.186724798433135,crop
-1.1161914591873003,7.862513695846522,crop
-1.1166842244571127,8.027487691637065,crop
-1.126779041353628,8.161722184669232,crop
-1.1018876342448958,8.326937079963388,crop
-1.1320949535940659,8.49595746789259,crop
-1.1130433076247277,8.672460951032042,crop
-1.1134084191300646,8.825448369305116,crop
-1.105520211764536,8.945031175357625,crop
-1.1362175696325716,9.11190909343203,crop
-1.1256138182673885,9.263370342920515,crop
-1.1218643875031797,9.424673169053895,crop
-1.1291454792715685,9.56952187596959,crop
-1.1344627249926118,9.702348607473558,crop
-1.1272324820755197,9.85392986946214,crop
-1.1133338558795476,9.990732776242487,crop
-0.3653528119560354,-10.075212064200652,crop
-0.3668263260634772,-9.956392824550845,crop
-0.36960014564217314,-9.801914379872168,crop
-0.3764538122004373,-9.670677005471106,crop
-0.373123558826137,-9.52241990301657,crop
-0.3691220905883972,-9.362258934256793,crop
-0.3768637871544307,-8.703083809903147,crop
-0.37545353772260315,-8.582366689049964,crop
-0.3662946881586473,-8.443224268196486,crop
-0.3658501427592671,-8.260390838547599,crop
-0.37365805568503685,-8.161787968931424,crop
-0.376594914323928,-7.973267682202408,crop
-0.36806234536333626,-7.7577720620036175,crop
-0.3621067469485597,-7.628855957444224,crop
-0.38895333166674906,-7.446265080267864,crop
-0.3817941787464938,-7.270020957703418,crop
-0.370040271254533,-7.124507004662927,crop
-0.38410055825488465,-6.968243918406795,crop
-0.3852684359737104,-6.812791790931658,crop
-0.3858088445864989,-6.680268195975145,crop
-0.38922352238268454,-6.519288998150648,crop
-0.36503234073443735,-6.332468645658613,crop
-0.3533371972340471,-6.185057533308838,crop
-0.3812533905439488,-6.033732863985651,crop
-0.35732430876873567,-5.870327917232353,crop
-0.360554097368079,-5.695618627880226,crop
-0.3840343092172249,-5.538324392873156,crop
-0.36227640454795074,-5.403914218048599,crop
-0.3598082282500781,-5.256382740166452,crop
-0.3868071318706865,-5.097469240291255,crop
-0.3624840619019931,-4.9516404852475535,crop
-0.3591715872933081,-4.833804932055547,crop
-0.36345229662106826,-4.651395825933816,crop
-0.3724948745365899,-4.4683220935321675,crop
-0.36357042353427627,-4.313563440876693,crop
-0.3860786762155022,-4.173288842101446,crop
-0.38829634336486096,-3.9863319208104766,crop
-0.38235273969111594,-3.8217182471363165,crop
-0.3884408505131045,-3.6777422829023436,crop
-0.38620732277048564,-3.491044474827679,crop
-0.3593776695857853,-3.341635614277214,crop
-0.3552562947963862,-3.1403834717071115,crop
-0.36855762820850746,-2.9872106420858398,crop
-0.38539890776003505,-2.8336832449182117,crop
-0.3757636185733806,-2.667822927869266,crop
-0.36247005293300916,-2.5493607062674846,crop
-0.3797534261044526,-2.377421561429018,crop
-0.3643637995732951,-2.2063454343338194,crop
-0.35585329113781894,-2.0389192021104545,crop
-0.37249676252740205,-1.8802265792974815,crop
-0.37207045901633595,-1.706778134832657,crop
-0.3721773227104759,-1.5612970954640453,crop
-0.3771464686013699,-1.3881468182304033,crop
-0.3759192167856491,-1.2370548435396849,crop
-0.36436547106454364,-1.1090652048180072,crop
-0.37705819218954595,-0.9240689458930227,crop
-0.38735580564783767,-0.768708398564451,crop
-0.3848089471612952,-0.627917336932482,crop
-0.3889318471973935,-0.5001292031220252,crop
-0.3792048588745729,-0.32137527519943276,crop
-0.35930800735297286,-0.13551859005382383,crop
-0.37218434527162625,0.03436149687381552,crop
-0.38349152003635156,0.22813153178234202,crop
-0.35836533472789167,0.3836281354772453,crop
-0.37747833322303936,0.5639254062421006,crop
-0.38637832947788997,0.6894279688097367,crop
-0.35180198863032963,0.8526960039126106,crop
-0.38321906836583786,1.0029314975050312,crop
-0.3742073633153118,1.1153260080662726,crop
-0.37725393877805713,1.2813063121457393,crop
-0.37597351232116516,1.4299434627433705,crop
-0.37466778185553773,1.6099841475003203,crop
-0.3809177656541456,1.7795832877262345,crop
-0.35633630267897054,1.979936090575995,crop
-0.39086159686495714,2.1445863617977103,crop
-0.3836785537725791,2.33138493846897,crop
-0.3675280324204797,2.462505140069002,crop
-0.3724345669353064,2.6218441978129885,crop
-0.3522929054393966,2.8387468264816587,crop
-0.37555467733786996,2.993530846198759,crop
-0.38821160164484514,3.145606306804053,crop
-0.3706618448040504,3.320854284608476,crop
-0.36528603399418236,3.4671017062863445,crop
-0.380298246644474,3.629779234013702,crop
-0.3833013591199581,3.7540983806014623,crop
-0.3557535652795565,3.9449526132775645,crop
-0.3675712681422554,4.08873524546479,crop
-0.3629805243007267,4.236601226320836,crop
-0.3632180731402097,4.370711426571585,crop
-0.36700516759600577,4.5227923273251704,crop
-0.3848488903618317,4.685065947674143,crop
-0.3589292778676252,4.836153744988673,crop
-0.3663980381986902,4.970256647186554,crop
-0.37257450299406614,5.156199362176347,crop
-0.36690046601295156,5.2609848050739885,crop
-0.35696177958366704,5.461361427302773,crop
-0.3811987297192805,5.608869291886661,crop
-0.37440996059925835,5.718825598135512,crop
-0.36991495863178203,6.031028388170922,crop
-0.37625752992680184,6.17441121397138,crop
-0.38203889133657976,6.335267442216965,crop
-0.37618597773243945,6.480505191809231,crop
-0.3840203368765347,6.620399958180398,crop
-0.3801931274158812,6.804387227126645,crop
-0.36450366512567056,7.298062000031619,crop
-0.3731815809885308,7.471224504874273,crop
-0.35139560645055123,7.630202606288991,crop
-0.3727592875200605,7.799645503437153,crop
-0.3673603586888876,7.935478235687613,crop
-0.38248077760991617,8.104281511175829,crop
-0.3842658811418036,8.294971114676814,crop
-0.3814842219097434,8.422078029777227,crop
-0.36786543886578693,8.614744173390731,crop
-0.3687033923411289,8.76934724803411,crop
-0.3843914677782463,8.959731148692734,crop
-0.3656090160609473,9.120902522511907,crop
-0.3623594314840619,9.317125321367408,crop
-0.3791680501612227,9.45121639321947,crop
-0.35267649168295456,9.621235506921883,crop
-0.35240521718226425,9.793236595582888,crop
-0.3599069797737524,9.966715951121975,crop
0.3654743963675964,-10.099861101565319,crop
0.3796243458791073,-9.942360663025822,crop
0.36179493889286984,-9.78198903184464,crop
0.38723165445435015,-9.63179998825134,crop
0.38863121214408824,-9.474024947025839,crop
0.37830995426478076,-9.365893101678827,crop
0.3750158555944223,-9.199008906307398,crop
0.3702663336981029,-9.025847188275632,crop
0.3589411978286865,-8.894776676966886,crop
0.38191701960075086,-8.75723489421246,crop
0.3683274070364062,-8.562568821787131,crop
0.3933252623773802,-8.419021532444821,crop
0.3821787586024623,-8.289887320431486,crop
0.37634276830976354,-8.118426043740586,crop
0.37220634312762524,-7.948528962938352,crop
0.36166567891096957,-7.765409061226974,crop
0.36536786347414996,-7.618955930123602,crop
0.35926323053094755,-7.462022325424883,crop
0.3777765036274534,-7.307303810009056,crop
0.37963415883176044,-7.134598179732896,crop
0.37910363565468597,-6.971758142438298,crop
0.37546510497186514,-6.821325350870805,crop
0.3903586515802093,-6.660045656655131,crop
0.36538025200082824,-6.516678470425695,crop
0.384116903831325,-6.318160497295967,crop
0.3972956662455145,-6.140095229059625,crop
0.3825218656845477,-5.9618518285446,crop
0.3890584464534488,-5.821777543330967,crop
0.3592898099045909,-5.65324836770672,crop
0.3928917299694801,-5.48128712518594,crop
0.39274718634637473,-5.2944793552264375,crop
0.39695376659012194,-5.141562775388783,crop
0.36109942580015364,-4.9552194212465,crop
0.39497364424534265,-4.799555337650159,crop
0.3885812088338412,-4.629289987659426,crop
0.366774092576553,-4.467081187843734,crop
0.37992142737237966,-4.314636376963188,crop
0.35897430776151573,-4.125822546768124,crop
0.3593204017873983,-4.001402807814393,crop
0.3866603797109276,-3.822727944088845,crop
0.38513177198060156,-3.6334690253039064,crop
0.3807247424465423,-3.4831963594300275,crop
0.3610653903855603,-3.3123280924444813,crop
0.37033559244692427,-3.168784045737392,crop
0.3715185605782816,-2.987507939582989,crop
0.38285865799488494,-2.8406396143000636,crop
0.37564899232004834,-2.671093797735537,crop
0.3906696881144329,-2.343715769416237,crop
0.38429354202566834,-2.226535119205984,crop
0.3930522473651523,-2.019480135262672,crop
0.3822686851507058,-1.8596035799091055,crop
0.3684412288153025,-1.7075410274811684,crop
0.39073752975174525,-1.5325587959431886,crop
0.374056992772549,-1.357296535440307,crop
0.3961836587569083,-1.1847168252956966,crop
0.3880259585153176,-1.0315964519783236,crop
0.3790142959575835,-0.8401636683331137,crop
0.37865146711250386,-0.6754706416611569,crop
0.3812181970237898,-0.5134310704337466,crop
0.36956954623825133,-0.3570673594315821,crop
0.3716195442513035,-0.18281297602474744,crop
0.39653346688111846,-0.02714553279093401,crop
0.3720996754106354,0.12614193365683768,crop
0.38009475012215077,0.29415709559906844,crop
0.3665487092433386,0.45086476850581825,crop
0.36827144786536703,0.6138007487521211,crop
0.3653798244021589,0.7563065802952096,crop
0.3590279754577548,0.9155179213352937,crop
0.36592937258991576,1.112582592260173,crop
0.39493384775752016,1.2944932910692106,crop
0.36722851856985717,1.4479171073610768,crop
0.3800371541518599,1.6211919811824487,crop
0.39856761364625104,1.743398711283703,crop
0.39576281040150363,1.9027120925412433,crop
0.386422247396224,2.031262824539523,crop
0.3736339652059133,2.178823518873788,crop
0.3700164964962962,2.336180889865215,crop
0.3650445048687381,2.503623646501987,crop
0.39089448015260686,2.6504909429470054,crop
0.36839192568470036,2.827689888328578,crop
0.39129344043613656,3.0021826849964715,crop
0.37487884632558455,3.181602518668347,crop
0.36507017571447875,3.359632046637204,crop
0.3865449259548006,3.5413300755632893,crop
0.37390093250989054,3.6947628617390915,crop
0.38598722431024424,3.881178005695846,crop
0.37456091839702843,4.003573154260369,crop
0.3927058165862283,4.187599545471921,crop
0.3841687768716895,4.3526236137419225,crop
0.3679394165998424,4.499498679105919,crop
0.37754520432206284,4.698198490489759,crop
0.394791790792544,4.843260844420268,crop
0.3896212828165515,4.983954621274435,crop
0.3852813140537954,5.171496954391083,crop
0.3923970502971992,5.334870514831621,crop
0.3872581340333596,5.460169832980167,crop
0.37785217109951663,5.597826965255583,crop
0.3592299503626979,5.7623742049151865,crop
0.384449271862243,5.958805393193108,crop
0.39498454437647457,6.105124776020171,crop
0.3668177134995041,6.268723235075045,crop
0.36561519628019035,6.421864021048455,crop
0.36434392053576303,6.6250797500966865,crop
0.37901669819054273,6.761237743056418,crop
0.37615735960153973,6.952827490559352,crop
0.39304943535764103,7.07494250141349,crop
0.38582729604015853,7.2430649299676215,crop
0.3788075407159992,7.428922691162816,crop
0.3732156099906101,7.559268138810095,crop
0.3895056944543702,7.718940278783295,crop
0.3738962586690562,7.908938534700086,crop
0.3953871607133479,8.029187542391822,crop
0.38026889251478657,8.193482076468305,crop
0.38039494283372033,8.375211253080794,crop
0.35968141937487896,8.529226431694115,crop
0.3983048124331141,8.700847622271242,crop
0.3650817266856601,8.866225390120546,crop
0.3671416578324118,9.016468395161253,crop
0.3636425862623023,9.181186087625312,crop
0.38404154371142063,9.384728605773207,crop
0.3894762166201611,9.537888168272248,crop
0.3726434366451219,9.648260800748512,crop
0.372178874850281,9.824957133504087,crop
0.3926287618261801,10.037858779844063,crop
1.145897452714311,-10.077555784979504,crop
1.1165721117644827,-9.890888871290755,crop
1.1447513232391282,-9.729648849912065,crop
1.1290393264238272,-9.59817123411041,crop
1.1417209218807738,-9.429677330655663,crop
1.1118567078923975,-9.2598374410815,crop
1.138213068396368,-9.136481576179811,crop
1.1163312528605163,-8.996995348808461,crop
1.1220243923236257,-8.806839634611137,crop
1.109155864838118,-8.65213597150358,crop
1.1310998499630713,-8.472250433135239,crop
1.1372258387505294,-8.307568085810638,crop
1.1197852449221228,-8.124996027515333,crop
1.1217440157649543,-7.986450752696989,crop
1.1292022408150952,-7.7933387941736365,crop
1.1099000612174077,-7.608722810029024,crop
1.1359985133444077,-7.4593268734405,crop
1.1100847807068606,-7.265098808898158,crop
1.1296349690221614,-7.0861177335573675,crop
1.1468494960737274,-6.958706733226545,crop
1.1170498430871891,-6.793829951295741,crop
1.1336128627998798,-6.63268860718984,crop
1.130245315034733,-6.456965936788322,crop
1.1369952587055758,-6.3164937490065824,crop
1.1473191227852633,-6.157226454619667,crop
1.1314177586014917,-6.022394595334898,crop
1.1138688641005707,-5.879203260444245,crop
1.1125245488493274,-5.711990436568214,crop
1.1336414371502261,-5.553763238358423,crop
1.132225350330022,-5.396561300995331,crop
1.1128499642428,-5.210168177981401,crop
1.1300067702495467,-5.079090046195351,crop
1.1479459815735833,-4.873524692839672,crop
1.128408153284358,-4.691179352351597,crop
1.11875925378365,-4.503616039796196,crop
1.1327403916668963,-4.360893254398667,crop
1.1348453030365686,-4.210470250937025,crop
1.1342135290283268,-4.056636384849293,crop
1.1093652999988972,-3.923936038402772,crop
1.1120773301340066,-3.7168506137286776,crop
1.1317815456738778,-3.544312658685338,crop
1.1123114703124388,-3.378709453555069,crop
1.1381510981003178,-3.237250931143145,crop
1.1103704649631236,-3.0974235293326684,crop
1.1148739189063974,-2.9609780045041783,crop
1.1414997503448134,-2.7784848206142927,crop
1.1314358123612962,-2.58773375530929,crop
1.1293434057514107,-2.405409917526753,crop
1.140164834626236,-2.2257940168858763,crop
1.1385729556429371,-2.0887572306354105,crop
1.132555068784546,-1.9557498453265971,crop
1.1457561215297618,-1.8153027719395975,crop
1.1372964164752792,-1.6439350243411752,crop
1.1134573360625293,-1.4776345590495605,crop
1.126966627676886,-1.3234926502083173,crop
1.115678143023084,-1.1246020048902245,crop
1.1154069739915649,-0.9913616728812968,crop
1.1283481113789549,-0.8294810689769871,crop
1.1427912283307107,-0.6224453796752236,crop
1.122593885465248,-0.4928034105387482,crop
1.1173810836505993,-0.34821581923730704,crop
1.1462891926082266,-0.17983712227336746,crop
1.1137797671669718,-0.037366841335655814,crop
1.1396425449356995,0.11999992304473217,crop
1.1110371294944112,0.3052000793341527,crop
1.1473550089750875,0.48897701900951596,crop
1.1300624515328321,0.6162626437049603,crop
1.1359271776681226,0.7594370634087362,crop
1.143795979027649,0.8994061220738665,crop
1.1313580154299645,1.0481622797471033,crop
1.1281269876956461,1.2223774567650345,crop
1.1352368164210986,1.3725456034949914,crop
1.1187514063131534,1.5282696671111928,crop
1.120190625233887,1.671143491605335,crop
1.1341067924640686,1.846857270947849,crop
1.1096557283390478,2.0185339620061544,crop
1.112347662354627,2.1527705031701245,crop
1.1099231082900278,2.323929631579892,crop
1.1231279066347115,2.479653413148723,crop
1.131904694946976,2.6627856698739993,crop
1.1397355226000618,2.8104099305187002,crop
1.1270452911810587,2.986272095172982,crop
1.1431601947412107,3.132477857153635,crop
1.118293032517287,3.307476068049777,crop
1.1286061559274136,3.466715787643686,crop
1.1408001917034065,3.5914939673566355,crop
1.1282993723327683,3.724781143289542,crop
1.1235899263877078,3.904191977377076,crop
1.1131700396967572,4.059732730071648,crop
1.1196958688849072,4.184273370756662,crop
1.1154776110519116,4.394281571962944,crop
1.1122195595944246,4.553301485345353,crop
1.13444122285041,4.717703778321646,crop
1.1413133931075148,4.880037600816154,crop
1.1285588661977695,5.080440731745059,crop
1.1229687978779896,5.2194682829760914,crop
1.1289357463910408,5.403177632110516,crop
1.1359384082099702,5.5709112030951236,crop
1.1346722798900881,5.712087216179116,crop
1.1426371545158913,5.822709934703758,crop
1.1467334616195757,5.967225912653179,crop
1.1204208433181577,6.147517684995725,crop
1.117313198156543,6.298453191935659,crop
1.1433150557559877,6.475884264347316,crop
1.1451134199498485,6.630284726028853,crop
1.1287265405474756,6.739351270479522,crop
1.1301409781127516,6.9067584589025,crop
1.1180616933241536,7.083150566356045,crop
1.1114893470633032,7.250339385501663,crop
1.134100533796401,7.388786387986121,crop
1.142579679312698,7.565126302803952,crop
1.1472435866342447,7.736105212457117,crop
1.1245943435294992,7.879802457660324,crop
1.1308208095982932,8.08291754637611,crop
1.1289478871333491,8.223918811302818,crop
1.1474453611568123,8.36381912511301,crop
1.144468293605164,8.54023656383662,crop
1.126517904712367,8.722332492697417,crop
1.1325772133927439,8.87738433258208,crop
1.134173393388318,9.060004083386575,crop
1.1127201764493062,9.209633481585007,crop
1.114684323252395,9.401715606776053,crop
1.1342315493444302,9.532684742977908,crop
1.1268167813782517,9.685512934267363,crop
1.1347819043583094,9.863591521611772,crop
1.1218466128931244,10.036162756373107,crop
1.8601473778401019,-10.08493036720934,crop
1.894419227116539,-9.975415228488231,crop
1.8792137472040862,-9.799456774459822,crop
1.8713583542544825,-9.6510921324268,crop
1.882144801872908,-9.487766825574075,crop
1.878168052236079,-9.361954555177132,crop
1.8957007228037641,-9.217405339215954,crop
1.8816903414897865,-9.043954883354788,crop
1.8964813848024402,-8.870031846446421,crop
1.8920246717198506,-8.712970504820412,crop
1.8664946687368023,-8.574995884762584,crop
1.8813568428477083,-8.39386636756171,crop
1.8814026197232359,-8.227160716880643,crop
1.8970360370940265,-8.096103257076122,crop
1.8886517121855242,-7.931936082160863,crop
1.8681961488961027,-7.780199993882622,crop
1.8739990855402207,-7.6279224128838425,crop
1.8612931493103355,-7.445788622094768,crop
1.8962710106231961,-7.310452559311313,crop
1.8832936793107926,-7.134661214659088,crop
1.8936978740166328,-7.009705447187509,crop
1.8856645549200097,-6.81560005321364,crop
1.8684310778294995,-6.643139019295331,crop
1.8912605169941097,-6.464448160129548,crop
1.8765226452365757,-6.2660534666415835,crop
1.8909964386465745,-6.155450258943936,crop
1.883429878248899,-5.965772063773703,crop
1.8748250556484818,-5.808487393921944,crop
1.8812705058564898,-5.68691044456476,crop
1.8762541211728827,-5.508427709965361,crop
1.8801556636425163,-5.387089389977091,crop
1.885267644169292,-5.222415366736935,crop
1.860092916152512,-5.034876849633994,crop
1.8872872573859567,-4.865624809286552,crop
1.8741236501993512,-4.7175505482950815,crop
1.8671782777875015,-4.568452875816927,crop
1.8657989557645118,-4.420401251271827,crop
1.8631653396670824,-4.262763463410521,crop
1.882010268694117,-4.10836364284924,crop
1.8625929421313687,-3.9393573839824825,crop
1.8672499939895948,-3.794777629777954,crop
1.8868002424940435,-3.5995386217274357,crop
1.8619849622013565,-3.4759086511488357,crop
1.8587708496017843,-3.3181580140589135,crop
1.880826220329177,-3.1723555573456723,crop
1.8666608215413074,-3.0230879424305632,crop
1.8966051597111555,-2.87948644944038,crop
1.8963820014995703,-2.733562016037972,crop
1.866266996102734,-2.5968121540955655,crop
1.8743630729108034,-2.392635794324356,crop
1.8797539777051195,-2.257675795050867,crop
1.8939799019464232,-2.0828842915729044,crop
1.8729835610293435,-1.9575829180123616,crop
1.8742653982118505,-1.8161446380470476,crop
1.8864011886851033,-1.6435736070396345,crop
1.8847084125245948,-1.4891262401568586,crop
1.8693724234800158,-1.3243977688625233,crop
1.8769664242587085,-1.1298447363607362,crop
1.8809165211783885,-0.9218539379520152,crop
1.8751250785924398,-0.8004475191255036,crop
1.888970102076911,-0.6618262761985907,crop
1.8942004222670388,-0.4962677778106954,crop
1.8892214296480017,-0.3588732055098589,crop
1.8895071271780548,-0.23349813393140906,crop
1.8845530701977617,-0.05462114361790426,crop
1.8950324785265469,0.12397156872175508,crop
1.8599790126949038,0.27374289251515727,crop
1.869336892215423,0.4175658878405262,crop
1.860997946301647,0.5963103404215264,crop
1.883839553522824,0.7245358419087768,crop
1.885320242712626,0.8568519356946762,crop
1.8920771440001474,1.05095489874976,crop
1.892223126708883,1.2179063327362858,crop
1.8644231353949072,1.422951345106199,crop
1.8861846030919382,1.6131501041748937,crop
1.8774203440250528,1.7409490130011225,crop
1.8798757624899807,1.9287912614710976,crop
1.8735510610656023,2.0809054757704217,crop
1.89586486681518,2.229841155515711,crop
1.8675903523093913,2.4024800236964623,crop
1.8616645290090466,2.604973179719817,crop
1.8755351391522375,2.7405623732685864,crop
1.8738186180252852,2.891999619773184,crop
1.8979301490865925,3.058479957461289,crop
1.8767120292709372,3.2215061005819923,crop
1.8694128514633324,3.362771877384869,crop
1.865155499904156,3.5225306042699778,crop
1.8811114640443725,3.681056421847286,crop
1.887748553428188,3.8492202510343407,crop
1.8762645741907917,4.044530215974065,crop
1.867817358368348,4.192646845687918,crop
1.8750430376503573,4.37394993062132,crop
1.8730619522868572,4.5231186196603215,crop
1.8799191696977386,4.64361705369881,crop
1.8604276040522931,4.818615415987367,crop
1.8935588257906923,4.9326734350566355,crop
1.8661077800743655,5.093621490807681,crop
1.876129692208183,5.229493058961127,crop
1.8705441601299535,5.390333559561174,crop
1.8957862030590915,5.537411489799293,crop
1.8970733477675719,5.675576181051582,crop
1.8774942596087785,5.858646439764573,crop
1.889745710330203,5.977685960162821,crop
1.8934524819044078,6.165567407180616,crop
1.8746058919119983,6.34850346432153,crop
1.8759360358724164,6.495374560613582,crop
1.8733090312657392,6.6401042931139695,crop
1.8681943427251815,6.7785346875055605,crop
1.8845481589157638,6.966423696482744,crop
1.883223769676035,7.134698103447443,crop
1.8981962162233312,7.329506432945982,crop
1.8915235370746615,7.478559544894074,crop
1.886366926440381,7.603221030028246,crop
1.8913198575031336,7.749900319053639,crop
1.8800067952616022,7.946592727030874,crop
1.8636584936414966,8.06636001005232,crop
1.87622981502611,8.253012112328099,crop
1.8624174261186877,8.402694456332581,crop
1.8861266354452164,8.559849928103612,crop
1.8867646812740162,8.728209653246052,crop
1.8908595031584445,8.864677396761126,crop
1.8721511192563556,9.020738137810687,crop
1.877284495764683,9.18448746964266,crop
1.880430932038128,9.345394726961638,crop
1.8826758157967083,9.484586154025228,crop
1.8650804911974106,9.636136279467996,crop
1.8702512572473706,9.805822224427496,crop
1.8907289077738607,9.990900328588518,crop
2.6096845223818717,-10.121811588953564,crop
2.6200535170479213,-9.94599970808382,crop
2.6275314961121206,-9.790197757307567,crop
2.621602744072578,-9.61343803518449,crop
2.6088458033742805,-9.454219934787249,crop
2.639095848650153,-9.331507156327033,crop
2.6447780444657907,-9.183845233569608,crop
2.6379535234337013,-9.015632488283646,crop
2.625825878592276,-8.826075010170708,crop
2.648003667574679,-8.688334781061126,crop
2.6104872394155656,-8.528637779829868,crop
2.6344933017401146,-8.366873513611743,crop
2.617136584257607,-8.245719615736476,crop
2.6135251178766516,-8.086257878778559,crop
2.6446633555703087,-7.911677969715534,crop
2.612106415408701,-7.768225792926018,crop
2.615873638725268,-7.61797205488941,crop
2.633038227814941,-7.468125617419472,crop
2.6318428838514505,-7.308070566911599,crop
2.647003076540435,-7.107048250203972,crop
2.6158023093577727,-6.951938749441505,crop
2.614501598513301,-6.756045286711622,crop
2.615921821526743,-6.5949269913692525,crop
2.611165215434135,-6.402745791255409,crop
2.62666577628542,-6.2789354138599505,crop
2.622678008215627,-6.106417688206804,crop
2.6318558378660377,-5.9249506392925015,crop
2.6467732030108646,-5.77453972876214,crop
2.6136436620849874,-5.623859145321842,crop
2.6246246517692304,-5.4452351680336,crop
2.635649511421076,-5.276606904350142,crop
2.631338002335089,-5.133036032964185,crop
2.636320088566622,-4.968774580420103,crop
2.625033928096081,-4.824448506882753,crop
2.6247815145281272,-4.630043137900502,crop
2.6112448905834826,-4.472982882519878,crop
2.633507760403041,-4.348705820729602,crop
2.643356305334609,-4.175107633003515,crop
2.639060563519096,-4.032025174038999,crop
2.6130850808537858,-3.9079839984358005,crop
2.625436629578874,-3.77302863887995,crop
2.6471591078427164,-3.6404354619303865,crop
2.624071415122917,-3.4517531979446874,crop
2.6259457247451774,-3.3375232252530003,crop
2.6188978391278335,-3.1675190675597396,crop
2.6304008229580855,-3.035787092923057,crop
2.6290754896795345,-2.8292872064525767,crop
2.6200515604817554,-2.728458028754855,crop
2.614713438888532,-2.5309341884838528,crop
2.6362235644115586,-2.3929561614725516,crop
2.637992107590665,-2.250749358637309,crop
2.6169125600890704,-2.082856361433194,crop
2.6118825381167055,-1.9499165001516783,crop
2.626150453888261,-1.7562800645703103,crop
2.6294860854783693,-1.6211025730710311,crop
2.620635318186336,-1.429635568671337,crop
2.6403269575527926,-1.2955486850075122,crop
2.6315178387008658,-1.1405068034961037,crop
2.6369178832510727,-0.9561496982625641,crop
2.635684299425444,-0.7616338141957257,crop
2.6310890404096066,-0.6035611131145195,crop
2.6402105253543873,-0.44327160172055535,crop
2.644659178990099,-0.259874931903763,crop
2.624957114655233,-0.09993545289971628,crop
2.6350585791527825,0.061670239534953104,crop
2.6279914655235315,0.21525132705550476,crop
2.6365213554385054,0.3878038841556819,crop
2.613966439334547,0.5708552996058085,crop
2.628545285302872,0.7264306846305235,crop
2.6417997799140185,0.8943391940994783,crop
2.6388991221014226,1.0419044252987426,crop
2.628522077182585,1.1789082702913127,crop
2.636050627257399,1.307945867842907,crop
2.645060860840111,1.4741976612062828,crop
2.6359766272052916,1.6720126600189538,crop
2.6377626640286707,1.8119710006385699,crop
2.6481378046036257,1.9940249602446247,crop
2.635576949366998,2.1308748824649815,crop
2.6293763997207344,2.2680795940704126,crop
2.633736876315427,2.4449317055015243,crop
2.6181435557021997,2.5914296667557775,crop
2.612471146958754,2.751613538240539,crop
2.64086118883528,2.920048288958494,crop
2.633648565172872,3.0538084579549984,crop
2.6486067615879403,3.216037600637737,crop
2.6177231780963224,3.392339787899031,crop
2.640847206722049,3.546342733985174,crop
2.640412977902188,3.6955229914309307,crop
2.6109119173824684,3.8551240026296973,crop
2.6373864636300013,3.996886806063344,crop
2.632037144768315,4.174664161017962,crop
2.6134915779603727,4.33211720691059,crop
2.6344364678337078,4.480789588339217,crop
2.6132267955597666,4.682755373418383,crop
2.6288058811821697,4.81439151195131,crop
2.622008816649899,5.0158241375380825,crop
2.627462345452411,5.175306107550185,crop
2.6301790690416933,5.316051432301094,crop
2.6088424552007847,5.469712911166152,crop
2.6373841581116375,5.636019109331766,crop
2.614037715296768,5.806191779282587,crop
2.646473580236611,6.002481199377728,crop
2.6195263195300615,6.141385128021694,crop
2.641153808383434,6.264993919419885,crop
2.645395629135888,6.4541289893999565,crop
2.6367538956118706,6.609574032593551,crop
2.626705423221522,6.79012194569364,crop
2.6337213012105902,6.960850127851456,crop
2.6252610917232415,7.15280544074418,crop
2.623075224718784,7.291623570143104,crop
2.638697181669503,7.488768658452559,crop
2.623613027493149,7.645835343267885,crop
2.6348979063591047,7.8408350700730995,crop
2.6227422349964735,7.994443801334532,crop
2.6396293896631002,8.184842698404493,crop
2.618497413627222,8.372454743778421,crop
2.6280868128220654,8.520187933940983,crop
2.644235570341249,8.684729406837912,crop
2.629943176116413,8.844162011477328,crop
2.6182961200289148,9.02683746638496,crop
2.6387756384138763,9.187973520023649,crop
2.6393381895548016,9.31305815881682,crop
2.622821693708982,9.488410772569656,crop
2.6384862611704376,9.693037197739356,crop
2.6348034369666804,9.82050345070312,crop
2.6222127660870473,9.970930977432351,crop
3.366729651601296,-10.073962110925192,crop
3.3779510065613936,-9.930446879003922,crop
3.3909847031413243,-9.77692774627092,crop
3.3819185254879622,-9.613802847146735,crop
3.381302550553829,-9.452017184305378,crop
3.388265866104751,-9.313567429106222,crop
3.388034401243269,-9.122361179598213,crop
3.386231336854448,-8.96252891247412,crop
3.373208798747382,-8.777778666795866,crop
3.3728693361335003,-8.628510141408839,crop
3.3907813623304106,-8.445582226065124,crop
3.385010428485119,-8.275772458172103,crop
3.3673027289053437,-8.126067318755766,crop
3.3651242313352707,-7.948451560675544,crop
3.3755661646400963,-7.80035254718234,crop
3.379448973571612,-7.623157029829251,crop
3.3650256250008246,-7.491821097360622,crop
3.3605067459536873,-7.313985203803297,crop
3.3836665484801074,-7.163403574990756,crop
3.397910761049922,-7.02371571459196,crop
3.373405121097277,-6.911603151945757,crop
3.379389252401819,-6.737814496924706,crop
3.378407854143913,-6.58434321185107,crop
3.3758712513643285,-6.395865428718016,crop
3.378782819503047,-6.2729206293696596,crop
3.373201706153158,-6.089280863350063,crop
3.373514869473854,-5.94875145362733,crop
3.379790436757789,-5.753742454446849,crop
3.3604471501094713,-5.587805002189451,crop
3.369809248972965,-5.4314906420094085,crop
3.363605790461224,-5.27201474529928,crop
3.3791476668584233,-5.113133114625061,crop
3.391809021199129,-4.949056932813345,crop
3.3958625578659456,-4.80028834622092,crop
3.375019450926449,-4.636559603565262,crop
3.363434427088648,-4.461210125652572,crop
3.3808604653576433,-4.267326862518136,crop
3.3870376091715917,-4.141172511169455,crop
3.364975985588954,-3.9504644294750184,crop
3.3768774036028617,-3.806036945776105,crop
3.394820477763255,-3.6524706206938777,crop
3.3889384553602824,-3.480077845705984,crop
3.3981895297953466,-3.334180401132989,crop
3.370571405396028,-3.143850890061181,crop
3.3702716359664544,-2.963613458513575,crop
3.3771439799091256,-2.8310963139049345,crop
3.373868350646852,-2.649396180904735,crop
3.3600587569926565,-2.4693520384392285,crop
3.394573905575686,-2.3029077953903236,crop
3.3640518513487896,-2.1544240863043447,crop
3.3809788721801652,-2.0026841530065234,crop
3.388184413537908,-1.854910920805116,crop
3.384591050965617,-1.6529702365269294,crop
3.36472598876907,-1.5175308647832253,crop
3.384583813362573,-1.3133307483143462,crop
3.3744454954920027,-1.1677237714556803,crop
3.379157680439353,-1.039056466752907,crop
3.3864944080670165,-0.8939755249315766,crop
3.39698842565024,-0.7473218045450079,crop
3.372320795818159,-0.5657511297694828,crop
3.378502768844373,-0.4126695152351072,crop
3.3761937800360267,-0.2086345207926552,crop
3.3662888997798737,-0.057320440527638176,crop
3.374416129779436,0.13082794130608377,crop
3.372205074957706,0.2600590441831727,crop
3.385557753831355,0.43995052823010106,crop
3.366819192151241,0.6379863280805065,crop
3.397090800322223,0.8167611975148983,crop
3.3849003098704156,1.0062302433683445,crop
3.388151500206762,1.1540333604434068,crop
3.378448121543266,1.33530099097195,crop
3.3872395269232696,1.481639145768657,crop
3.398120199947229,1.6122040910282447,crop
3.3791268625762365,1.7544563394396402,crop
3.3985588484208247,1.9281736583499463,crop
3.364008290816856,2.1063229943424435,crop
3.380640629248541,2.2454219647470026,crop
3.3658633158808238,2.383128401810403,crop
3.375897330052898,2.5283275783320516,crop
3.380710884269636,2.704914899230168,crop
3.380170004153366,2.884055048887255,crop
3.383774064009219,3.0629908871078566,crop
3.3947227147696237,3.218214077137141,crop
3.3684469351192527,3.43006000133213,crop
3.370446989043029,3.550790869612598,crop
3.3749787478586795,3.7313724189513433,crop
3.387373501998362,3.889951857670269,crop
3.3768927140911424,4.026590922207735,crop
3.3837593997308,4.174622354656243,crop
3.3673671486019874,4.357657703765216,crop
3.3822653098064865,4.506181816274712,crop
3.383003167960787,4.6657274211424085,crop
3.368804264949187,4.841894789982904,crop
3.379296862253713,5.018474959733892,crop
3.3812556408601404,5.177774229433728,crop
3.3635246095117513,5.333998603581158,crop
3.365341990413688,5.530195099114007,crop
3.39130853816681,5.705593011546588,crop
3.3790373466864407,5.824458547315032,crop
3.3812981026170945,5.971817117065017,crop
3.3808283727577955,6.1699650502995365,crop
3.3963841544145614,6.363699871250349,crop
3.367302626169794,6.502655007950812,crop
3.3847479751179943,6.68211922040418,crop
3.364099671770596,6.792134827923329,crop
3.3721533963117656,6.94319268684338,crop
3.3617984677646566,7.105233232101677,crop
3.3670726947663736,7.256878246362506,crop
3.387592175154266,7.419389527594836,crop
3.3902722986705367,7.547187028865805,crop
3.3713666999161003,7.696388826023169,crop
3.3740024706400495,7.8517601626291,crop
3.3618631769558833,8.017919505848687,crop
3.3799740679949766,8.198042836927547,crop
3.39580991613695,8.353111843235782,crop
3.38856421255075,8.479897595950396,crop
3.3894544296297244,8.623578204751768,crop
3.38548621107664,8.784008811145265,crop
3.3767427573868236,8.952832281620944,crop
3.376646385656276,9.111537104112331,crop
3.3712992344900163,9.243849362971469,crop
3.3715306797847564,9.458468842752518,crop
3.372941398322588,9.60973410483105,crop
3.3741665539701824,9.783404511682283,crop
3.3745881359991765,9.933443503767935,crop
3.3638066887273537,10.122343404704859,crop
4.143240327171406,-10.09834517494902,crop
4.115579640706508,-9.93345705141588,crop
4.12682566654846,-9.774574936047816,crop
4.13879397627023,-9.580546060886432,crop
4.134122855249358,-9.422271969596943,crop
4.126747500648537,-9.257599011510226,crop
4.13833288874302,-9.103969393634069,crop
4.1440275989738895,-8.94195897179282,crop
4.127387121977114,-8.769773240943719,crop
4.119389581250117,-8.609947545637125,crop
4.1300514162394455,-8.418353623028352,crop
4.131629172427824,-8.308971988574175,crop
4.133400410277813,-8.108691813243835,crop
4.118585146064826,-7.907699592442549,crop
4.1277022210680885,-7.753747241936283,crop
4.147089935756385,-7.5722183304752075,crop
4.116464281303924,-7.4200588498358915,crop
4.1317591922876185,-7.295339547061541,crop
4.1374600193263005,-7.105283438922578,crop
4.139052068381445,-6.95322521853585,crop
4.132750131541434,-6.795796104100928,crop
4.11193889842892,-6.656545020114207,crop
4.111547356024736,-6.483137336881651,crop
4.132267577802119,-6.349788685475179,crop
4.140467758779187,-6.150461002298236,crop
4.1313894942712865,-6.018236078459571,crop
4.108860180751964,-5.837182107713366,crop
4.145663219784141,-5.7160954826873915,crop
4.143870308878198,-5.592339422033394,crop
4.126036796846431,-5.433481625692222,crop
4.129844913128847,-5.254970261910062,crop
4.1216426605067555,-5.125338158002308,crop
4.130423016651338,-4.959926084640257,crop
4.13600824027318,-4.805930756315534,crop
4.122835576334553,-4.67020771733521,crop
4.135614761368232,-4.481771843595476,crop
4.117875618034081,-4.363880477350246,crop
4.120023285687579,-4.161995107870043,crop
4.127005723130606,-4.003735049991559,crop
4.123528147195429,-3.833876113732333,crop
4.126502010394044,-3.689657687752981,crop
4.146197111636567,-3.531438264550199,crop
4.1304464147113995,-3.378024071926564,crop
4.125407636879475,-3.2260801243754402,crop
4.1138597497672675,-3.0273672539282392,crop
4.13811048161732,-2.882892361576773,crop
4.1271517180694355,-2.683476438941458,crop
4.125927498790751,-2.5667798539895754,crop
4.121080064863496,-2.389201860243836,crop
4.139791329344722,-2.2167059141571483,crop
4.110171124145475,-2.0706743104988607,crop
4.14593400131798,-1.9088066761889522,crop
4.132079783635972,-1.7076948503794878,crop
4.120924924168793,-1.5836801650408336,crop
4.114521296731518,-1.397849906241623,crop
4.145313342558803,-1.2420508744535397,crop
4.1189310156052565,-1.0685845605432345,crop
4.13166026788559,-0.8807358875007605,crop
4.126446133708607,-0.7275713542534437,crop
4.117951261275844,-0.5388010498687095,crop
4.138338095502285,-0.3896835975614916,crop
4.123505818192501,-0.20028167728085045,crop
4.124653606263981,-0.061542707544568025,crop
4.114193772726948,0.10530378693134246,crop
4.147666042167679,0.24025331497356284,crop
4.129752929318504,0.40371585786587616,crop
4.141835809879438,0.5794767241388801,crop
4.123675933637657,0.7310992432168995,crop
4.111461371761121,0.8391364134511878,crop
4.11935952673213,1.0271205893117568,crop
4.135434320796139,1.1848491804197057,crop
4.119551492658483,1.3616506994307098,crop
4.137347843539117,1.5622058572764654,crop
4.140480875125783,1.712115942629616,crop
4.127833045428496,1.853090764490016,crop
4.119633521379979,1.9897047694200758,crop
4.120983963427686,2.1859417239400116,crop
4.122577604099646,2.35571647170754,crop
4.116142569697904,2.5282901623820813,crop
4.137040736099915,2.655771595137603,crop
4.116184701852585,2.793100364117212,crop
4.129066911248901,2.96267082539312,crop
4.133590762995696,3.0873018007468893,crop
4.124735070400411,3.2342030218868594,crop
4.125215864453451,3.3556866248194,crop
4.148433001641663,3.530701363260116,crop
4.122380510866232,3.734491097381044,crop
4.141448747817244,3.888601463140633,crop
4.112906890084809,4.018348769173647,crop
4.118500433847946,4.178197611938476,crop
4.125979454799887,4.359624934817678,crop
4.127872427171742,4.520299230390709,crop
4.1345754895121525,4.7174443447545045,crop
4.135397479726314,4.873217007169792,crop
4.112779410021621,5.031582876660012,crop
4.126493230867385,5.180422675877699,crop
4.136915920816803,5.384699929770662,crop
4.120648240131838,5.547936531253681,crop
4.125477203230964,5.739121599526074,crop
4.130498909539971,5.888395673900915,crop
4.141597742172537,6.045464115704425,crop
4.121387873447209,6.213302268023492,crop
4.114533507928196,6.347210796479098,crop
4.111262260918804,6.521356507083988,crop
4.114171782056748,6.689457335867774,crop
4.115707601719378,6.83669896472068,crop
4.120035203230709,7.021271284886831,crop
4.127705013546163,7.1432595888724055,crop
4.120827180352943,7.331563627005329,crop
4.111918994655302,7.474839330639638,crop
4.119164269425599,7.647525017167583,crop
4.141028551642662,7.827131025938824,crop
4.128728700746351,7.9999110833073015,crop
4.120195064507011,8.152298373642575,crop
4.116451727028436,8.294401453741566,crop
4.129505465039252,8.464467222087825,crop
4.131115889152041,8.651608167788664,crop
4.141658114384524,8.805924245213196,crop
4.115888159471193,9.003256887957777,crop
4.144549800700687,9.135921564796357,crop
4.1254295522905045,9.292655270496864,crop
4.136589418438937,9.490591717788115,crop
4.141954512893691,9.628181272015128,crop
4.134297350460478,9.795677677380864,crop
4.126142361515908,9.980543790296364,crop
4.129690980867848,10.148459694676587,crop
